sequence_name,sequence,Read_modified_WT,Read_unmodified_WT,Read_modified_AtoT,Read_unmodified_AtoT,Read_modified_AtoG,Read_unmodified_AtoG,Read_modified_AtoC,Read_unmodified_AtoC,total_read_modified,Mrate_modified,total_read_unmodified,Mrate_unmodified,Mrate
G3A,GCAGTCGTGGCGGAATGGCAGACGCGCTAGGTTGAGGGCCTAGTGGGGGCAACCCCGTGGAGGTTCAAGTCCTCTCGACCGCACCA,23,86,4,0,27,0,5,0,59,0.6101694915254238,86,0.0,0.6101694915254238
G3T,GCTGTCGTGGCGGAATGGCAGACGCGCTAGGTTGAGGGCCTAGTGGGGGCAACCCCGTGGAGGTTCAAGTCCTCTCGACCGCACCA,33,116,6,0,29,0,5,0,73,0.547945205479452,116,0.0,0.547945205479452
G3C,GCCGTCGTGGCGGAATGGCAGACGCGCTAGGTTGAGGGCCTAGTGGGGGCAACCCCGTGGAGGTTCAAGTCCTCTCGACCGCACCA,5,16,0,0,3,0,0,0,8,0.375,16,0.0,0.375
G4A,GCGATCGTGGCGGAATGGCAGACGCGCTAGGTTGAGGGCCTAGTGGGGGCAACCCCGTGGAGGTTCAAGTCCTCTCGACCGCACCA,104,356,20,0,125,0,20,0,269,0.6133828996282528,356,0.0,0.6133828996282528
G4T,GCGTTCGTGGCGGAATGGCAGACGCGCTAGGTTGAGGGCCTAGTGGGGGCAACCCCGTGGAGGTTCAAGTCCTCTCGACCGCACCA,51,183,15,0,55,0,15,0,136,0.625,183,0.0,0.625
G4C,GCGCTCGTGGCGGAATGGCAGACGCGCTAGGTTGAGGGCCTAGTGGGGGCAACCCCGTGGAGGTTCAAGTCCTCTCGACCGCACCA,95,226,11,0,64,0,9,0,179,0.4692737430167598,226,0.0,0.4692737430167598
T5A,GCGGACGTGGCGGAATGGCAGACGCGCTAGGTTGAGGGCCTAGTGGGGGCAACCCCGTGGAGGTTCAAGTCCTCTCGACCGCACCA,17,85,7,0,26,0,5,0,55,0.6909090909090909,85,0.0,0.6909090909090909
T5G,GCGGGCGTGGCGGAATGGCAGACGCGCTAGGTTGAGGGCCTAGTGGGGGCAACCCCGTGGAGGTTCAAGTCCTCTCGACCGCACCA,14,37,4,0,13,0,3,0,34,0.5882352941176471,37,0.0,0.5882352941176471
T5C,GCGGCCGTGGCGGAATGGCAGACGCGCTAGGTTGAGGGCCTAGTGGGGGCAACCCCGTGGAGGTTCAAGTCCTCTCGACCGCACCA,58,252,7,0,62,1,13,0,140,0.5857142857142857,253,0.003952569169960474,0.5817617165443253
C6A,GCGGTAGTGGCGGAATGGCAGACGCGCTAGGTTGAGGGCCTAGTGGGGGCAACCCCGTGGAGGTTCAAGTCCTCTCGACCGCACCA,21,56,3,0,16,0,9,0,49,0.5714285714285714,56,0.0,0.5714285714285714
C6T,GCGGTTGTGGCGGAATGGCAGACGCGCTAGGTTGAGGGCCTAGTGGGGGCAACCCCGTGGAGGTTCAAGTCCTCTCGACCGCACCA,15,73,9,0,24,0,7,0,55,0.7272727272727273,73,0.0,0.7272727272727273
C6G,GCGGTGGTGGCGGAATGGCAGACGCGCTAGGTTGAGGGCCTAGTGGGGGCAACCCCGTGGAGGTTCAAGTCCTCTCGACCGCACCA,8,20,3,0,7,0,2,0,20,0.6,20,0.0,0.6
G7A,GCGGTCATGGCGGAATGGCAGACGCGCTAGGTTGAGGGCCTAGTGGGGGCAACCCCGTGGAGGTTCAAGTCCTCTCGACCGCACCA,128,200,4,0,22,0,5,0,159,0.1949685534591195,200,0.0,0.1949685534591195
G7T,GCGGTCTTGGCGGAATGGCAGACGCGCTAGGTTGAGGGCCTAGTGGGGGCAACCCCGTGGAGGTTCAAGTCCTCTCGACCGCACCA,104,208,8,0,45,0,15,0,172,0.3953488372093023,208,0.0,0.3953488372093023
G7C,GCGGTCCTGGCGGAATGGCAGACGCGCTAGGTTGAGGGCCTAGTGGGGGCAACCCCGTGGAGGTTCAAGTCCTCTCGACCGCACCA,50,78,0,0,2,0,0,0,52,0.038461538461538464,78,0.0,0.038461538461538464
T8A,GCGGTCGAGGCGGAATGGCAGACGCGCTAGGTTGAGGGCCTAGTGGGGGCAACCCCGTGGAGGTTCAAGTCCTCTCGACCGCACCA,11,16,0,0,0,0,1,0,12,0.08333333333333333,16,0.0,0.08333333333333333
T8G,GCGGTCGGGGCGGAATGGCAGACGCGCTAGGTTGAGGGCCTAGTGGGGGCAACCCCGTGGAGGTTCAAGTCCTCTCGACCGCACCA,14,12,0,0,0,0,0,0,14,0.0,12,0.0,0.0
T8C,GCGGTCGCGGCGGAATGGCAGACGCGCTAGGTTGAGGGCCTAGTGGGGGCAACCCCGTGGAGGTTCAAGTCCTCTCGACCGCACCA,64,92,0,0,2,0,1,0,67,0.04477611940298507,92,0.0,0.04477611940298507
G9A,GCGGTCGTAGCGGAATGGCAGACGCGCTAGGTTGAGGGCCTAGTGGGGGCAACCCCGTGGAGGTTCAAGTCCTCTCGACCGCACCA,81,79,0,0,4,0,2,0,87,0.06896551724137931,79,0.0,0.06896551724137931
G9T,GCGGTCGTTGCGGAATGGCAGACGCGCTAGGTTGAGGGCCTAGTGGGGGCAACCCCGTGGAGGTTCAAGTCCTCTCGACCGCACCA,120,185,3,0,18,0,4,0,145,0.1724137931034483,185,0.0,0.1724137931034483
G9C,GCGGTCGTCGCGGAATGGCAGACGCGCTAGGTTGAGGGCCTAGTGGGGGCAACCCCGTGGAGGTTCAAGTCCTCTCGACCGCACCA,100,112,1,0,6,1,3,0,110,0.09090909090909091,113,0.008849557522123894,0.08205953338696702
G10A,GCGGTCGTGACGGAATGGCAGACGCGCTAGGTTGAGGGCCTAGTGGGGGCAACCCCGTGGAGGTTCAAGTCCTCTCGACCGCACCA,64,71,0,0,0,0,0,1,64,0.0,72,0.013888888888888888,-0.013888888888888888
G10T,GCGGTCGTGTCGGAATGGCAGACGCGCTAGGTTGAGGGCCTAGTGGGGGCAACCCCGTGGAGGTTCAAGTCCTCTCGACCGCACCA,11,11,0,0,0,0,0,0,11,0.0,11,0.0,0.0
G10C,GCGGTCGTGCCGGAATGGCAGACGCGCTAGGTTGAGGGCCTAGTGGGGGCAACCCCGTGGAGGTTCAAGTCCTCTCGACCGCACCA,57,61,0,0,1,0,0,0,58,0.017241379310344827,61,0.0,0.017241379310344827
C11A,GCGGTCGTGGAGGAATGGCAGACGCGCTAGGTTGAGGGCCTAGTGGGGGCAACCCCGTGGAGGTTCAAGTCCTCTCGACCGCACCA,0,1,0,0,0,0,0,0,0,0.0,1,0.0,0.0
C11T,GCGGTCGTGGTGGAATGGCAGACGCGCTAGGTTGAGGGCCTAGTGGGGGCAACCCCGTGGAGGTTCAAGTCCTCTCGACCGCACCA,14,23,0,0,2,0,0,0,16,0.125,23,0.0,0.125
C11G,GCGGTCGTGGGGGAATGGCAGACGCGCTAGGTTGAGGGCCTAGTGGGGGCAACCCCGTGGAGGTTCAAGTCCTCTCGACCGCACCA,1,1,0,0,0,0,0,0,1,0.0,1,0.0,0.0
G12A,GCGGTCGTGGCAGAATGGCAGACGCGCTAGGTTGAGGGCCTAGTGGGGGCAACCCCGTGGAGGTTCAAGTCCTCTCGACCGCACCA,29,39,0,0,0,1,0,0,29,0.0,40,0.025,-0.025
G12T,GCGGTCGTGGCTGAATGGCAGACGCGCTAGGTTGAGGGCCTAGTGGGGGCAACCCCGTGGAGGTTCAAGTCCTCTCGACCGCACCA,9,9,0,0,0,0,0,0,9,0.0,9,0.0,0.0
G12C,GCGGTCGTGGCCGAATGGCAGACGCGCTAGGTTGAGGGCCTAGTGGGGGCAACCCCGTGGAGGTTCAAGTCCTCTCGACCGCACCA,4,5,0,0,0,0,0,0,4,0.0,5,0.0,0.0
G13A,GCGGTCGTGGCGAAATGGCAGACGCGCTAGGTTGAGGGCCTAGTGGGGGCAACCCCGTGGAGGTTCAAGTCCTCTCGACCGCACCA,56,126,4,0,47,0,12,0,119,0.5294117647058824,126,0.0,0.5294117647058824
G13T,GCGGTCGTGGCGTAATGGCAGACGCGCTAGGTTGAGGGCCTAGTGGGGGCAACCCCGTGGAGGTTCAAGTCCTCTCGACCGCACCA,90,122,2,0,10,0,2,1,104,0.1346153846153846,123,0.008130081300813009,0.1264853033145716
G13C,GCGGTCGTGGCGCAATGGCAGACGCGCTAGGTTGAGGGCCTAGTGGGGGCAACCCCGTGGAGGTTCAAGTCCTCTCGACCGCACCA,100,136,0,0,1,0,0,0,101,0.009900990099009901,136,0.0,0.009900990099009901
A14T,GCGGTCGTGGCGGTATGGCAGACGCGCTAGGTTGAGGGCCTAGTGGGGGCAACCCCGTGGAGGTTCAAGTCCTCTCGACCGCACCA,11,5,0,0,0,0,0,0,11,0.0,5,0.0,0.0
A14G,GCGGTCGTGGCGGGATGGCAGACGCGCTAGGTTGAGGGCCTAGTGGGGGCAACCCCGTGGAGGTTCAAGTCCTCTCGACCGCACCA,8,7,0,0,0,0,0,0,8,0.0,7,0.0,0.0
A14C,GCGGTCGTGGCGGCATGGCAGACGCGCTAGGTTGAGGGCCTAGTGGGGGCAACCCCGTGGAGGTTCAAGTCCTCTCGACCGCACCA,36,32,0,0,0,0,0,0,36,0.0,32,0.0,0.0
A15T,GCGGTCGTGGCGGATTGGCAGACGCGCTAGGTTGAGGGCCTAGTGGGGGCAACCCCGTGGAGGTTCAAGTCCTCTCGACCGCACCA,30,31,0,0,1,0,0,0,31,0.03225806451612903,31,0.0,0.03225806451612903
A15G,GCGGTCGTGGCGGAGTGGCAGACGCGCTAGGTTGAGGGCCTAGTGGGGGCAACCCCGTGGAGGTTCAAGTCCTCTCGACCGCACCA,38,41,0,0,0,0,1,0,39,0.02564102564102564,41,0.0,0.02564102564102564
A15C,GCGGTCGTGGCGGACTGGCAGACGCGCTAGGTTGAGGGCCTAGTGGGGGCAACCCCGTGGAGGTTCAAGTCCTCTCGACCGCACCA,31,13,0,0,0,0,0,0,31,0.0,13,0.0,0.0
T16A,GCGGTCGTGGCGGAAAGGCAGACGCGCTAGGTTGAGGGCCTAGTGGGGGCAACCCCGTGGAGGTTCAAGTCCTCTCGACCGCACCA,41,113,1,0,27,1,6,0,75,0.4533333333333333,114,0.008771929824561403,0.44456140350877194
T16G,GCGGTCGTGGCGGAAGGGCAGACGCGCTAGGTTGAGGGCCTAGTGGGGGCAACCCCGTGGAGGTTCAAGTCCTCTCGACCGCACCA,11,56,0,0,13,0,4,0,28,0.6071428571428571,56,0.0,0.6071428571428571
T16C,GCGGTCGTGGCGGAACGGCAGACGCGCTAGGTTGAGGGCCTAGTGGGGGCAACCCCGTGGAGGTTCAAGTCCTCTCGACCGCACCA,29,129,8,0,40,0,12,0,89,0.6741573033707865,129,0.0,0.6741573033707865
G17A,GCGGTCGTGGCGGAATAGCAGACGCGCTAGGTTGAGGGCCTAGTGGGGGCAACCCCGTGGAGGTTCAAGTCCTCTCGACCGCACCA,109,115,0,0,1,0,0,1,110,0.00909090909090909,116,0.008620689655172414,0.0004702194357366768
G17T,GCGGTCGTGGCGGAATTGCAGACGCGCTAGGTTGAGGGCCTAGTGGGGGCAACCCCGTGGAGGTTCAAGTCCTCTCGACCGCACCA,83,68,0,0,0,0,0,0,83,0.0,68,0.0,0.0
G17C,GCGGTCGTGGCGGAATCGCAGACGCGCTAGGTTGAGGGCCTAGTGGGGGCAACCCCGTGGAGGTTCAAGTCCTCTCGACCGCACCA,129,137,0,0,1,0,0,0,130,0.007692307692307693,137,0.0,0.007692307692307693
G18A,GCGGTCGTGGCGGAATGACAGACGCGCTAGGTTGAGGGCCTAGTGGGGGCAACCCCGTGGAGGTTCAAGTCCTCTCGACCGCACCA,97,146,1,0,0,0,2,0,100,0.03,146,0.0,0.03
G18T,GCGGTCGTGGCGGAATGTCAGACGCGCTAGGTTGAGGGCCTAGTGGGGGCAACCCCGTGGAGGTTCAAGTCCTCTCGACCGCACCA,116,106,1,0,0,0,0,0,117,0.008547008547008548,106,0.0,0.008547008547008548
G18C,GCGGTCGTGGCGGAATGCCAGACGCGCTAGGTTGAGGGCCTAGTGGGGGCAACCCCGTGGAGGTTCAAGTCCTCTCGACCGCACCA,52,55,0,0,1,0,0,0,53,0.018867924528301886,55,0.0,0.018867924528301886
C19A,GCGGTCGTGGCGGAATGGAAGACGCGCTAGGTTGAGGGCCTAGTGGGGGCAACCCCGTGGAGGTTCAAGTCCTCTCGACCGCACCA,21,37,12,0,15,0,2,0,50,0.58,37,0.0,0.58
C19T,GCGGTCGTGGCGGAATGGTAGACGCGCTAGGTTGAGGGCCTAGTGGGGGCAACCCCGTGGAGGTTCAAGTCCTCTCGACCGCACCA,38,86,6,0,14,0,4,1,62,0.3870967741935484,87,0.011494252873563218,0.37560252131998517
C19G,GCGGTCGTGGCGGAATGGGAGACGCGCTAGGTTGAGGGCCTAGTGGGGGCAACCCCGTGGAGGTTCAAGTCCTCTCGACCGCACCA,7,23,0,0,3,0,0,0,10,0.3,23,0.0,0.3
A20T,GCGGTCGTGGCGGAATGGCTGACGCGCTAGGTTGAGGGCCTAGTGGGGGCAACCCCGTGGAGGTTCAAGTCCTCTCGACCGCACCA,90,99,3,0,1,0,0,0,94,0.0425531914893617,99,0.0,0.0425531914893617
A20G,GCGGTCGTGGCGGAATGGCGGACGCGCTAGGTTGAGGGCCTAGTGGGGGCAACCCCGTGGAGGTTCAAGTCCTCTCGACCGCACCA,43,54,0,0,1,0,0,0,44,0.022727272727272728,54,0.0,0.022727272727272728
A20C,GCGGTCGTGGCGGAATGGCCGACGCGCTAGGTTGAGGGCCTAGTGGGGGCAACCCCGTGGAGGTTCAAGTCCTCTCGACCGCACCA,58,41,0,0,0,0,0,0,58,0.0,41,0.0,0.0
G21A,GCGGTCGTGGCGGAATGGCAAACGCGCTAGGTTGAGGGCCTAGTGGGGGCAACCCCGTGGAGGTTCAAGTCCTCTCGACCGCACCA,83,112,37,0,4,1,0,0,124,0.33064516129032256,113,0.008849557522123894,0.32179560376819866
G21T,GCGGTCGTGGCGGAATGGCATACGCGCTAGGTTGAGGGCCTAGTGGGGGCAACCCCGTGGAGGTTCAAGTCCTCTCGACCGCACCA,97,167,26,0,2,0,1,0,126,0.23015873015873015,167,0.0,0.23015873015873015
G21C,GCGGTCGTGGCGGAATGGCACACGCGCTAGGTTGAGGGCCTAGTGGGGGCAACCCCGTGGAGGTTCAAGTCCTCTCGACCGCACCA,104,119,15,0,0,0,1,0,120,0.13333333333333333,119,0.0,0.13333333333333333
C23A,GCGGTCGTGGCGGAATGGCAGAAGCGCTAGGTTGAGGGCCTAGTGGGGGCAACCCCGTGGAGGTTCAAGTCCTCTCGACCGCACCA,40,31,0,0,0,0,0,0,40,0.0,31,0.0,0.0
C23T,GCGGTCGTGGCGGAATGGCAGATGCGCTAGGTTGAGGGCCTAGTGGGGGCAACCCCGTGGAGGTTCAAGTCCTCTCGACCGCACCA,56,55,0,0,1,0,0,0,57,0.017543859649122806,55,0.0,0.017543859649122806
C23G,GCGGTCGTGGCGGAATGGCAGAGGCGCTAGGTTGAGGGCCTAGTGGGGGCAACCCCGTGGAGGTTCAAGTCCTCTCGACCGCACCA,13,6,0,0,0,0,0,0,13,0.0,6,0.0,0.0
G24A,GCGGTCGTGGCGGAATGGCAGACACGCTAGGTTGAGGGCCTAGTGGGGGCAACCCCGTGGAGGTTCAAGTCCTCTCGACCGCACCA,83,90,0,0,1,0,0,0,84,0.011904761904761904,90,0.0,0.011904761904761904
G24T,GCGGTCGTGGCGGAATGGCAGACTCGCTAGGTTGAGGGCCTAGTGGGGGCAACCCCGTGGAGGTTCAAGTCCTCTCGACCGCACCA,57,40,0,0,0,0,0,0,57,0.0,40,0.0,0.0
G24C,GCGGTCGTGGCGGAATGGCAGACCCGCTAGGTTGAGGGCCTAGTGGGGGCAACCCCGTGGAGGTTCAAGTCCTCTCGACCGCACCA,39,42,0,0,0,1,0,0,39,0.0,43,0.023255813953488372,-0.023255813953488372
C25A,GCGGTCGTGGCGGAATGGCAGACGAGCTAGGTTGAGGGCCTAGTGGGGGCAACCCCGTGGAGGTTCAAGTCCTCTCGACCGCACCA,56,66,2,0,1,0,0,0,59,0.05084745762711865,66,0.0,0.05084745762711865
C25T,GCGGTCGTGGCGGAATGGCAGACGTGCTAGGTTGAGGGCCTAGTGGGGGCAACCCCGTGGAGGTTCAAGTCCTCTCGACCGCACCA,51,104,0,0,17,0,5,0,73,0.3013698630136986,104,0.0,0.3013698630136986
C25G,GCGGTCGTGGCGGAATGGCAGACGGGCTAGGTTGAGGGCCTAGTGGGGGCAACCCCGTGGAGGTTCAAGTCCTCTCGACCGCACCA,32,40,0,0,0,0,0,0,32,0.0,40,0.0,0.0
G26A,GCGGTCGTGGCGGAATGGCAGACGCACTAGGTTGAGGGCCTAGTGGGGGCAACCCCGTGGAGGTTCAAGTCCTCTCGACCGCACCA,46,123,15,0,47,0,7,0,115,0.6,123,0.0,0.6
G26T,GCGGTCGTGGCGGAATGGCAGACGCTCTAGGTTGAGGGCCTAGTGGGGGCAACCCCGTGGAGGTTCAAGTCCTCTCGACCGCACCA,31,115,0,0,37,0,6,0,74,0.581081081081081,115,0.0,0.581081081081081
G26C,GCGGTCGTGGCGGAATGGCAGACGCCCTAGGTTGAGGGCCTAGTGGGGGCAACCCCGTGGAGGTTCAAGTCCTCTCGACCGCACCA,74,98,2,0,2,0,0,0,78,0.05128205128205128,98,0.0,0.05128205128205128
C27A,GCGGTCGTGGCGGAATGGCAGACGCGATAGGTTGAGGGCCTAGTGGGGGCAACCCCGTGGAGGTTCAAGTCCTCTCGACCGCACCA,59,66,0,0,8,0,0,0,67,0.11940298507462686,66,0.0,0.11940298507462686
C27T,GCGGTCGTGGCGGAATGGCAGACGCGTTAGGTTGAGGGCCTAGTGGGGGCAACCCCGTGGAGGTTCAAGTCCTCTCGACCGCACCA,61,82,0,0,3,1,0,0,64,0.046875,83,0.012048192771084338,0.034826807228915665
C27G,GCGGTCGTGGCGGAATGGCAGACGCGGTAGGTTGAGGGCCTAGTGGGGGCAACCCCGTGGAGGTTCAAGTCCTCTCGACCGCACCA,17,36,0,0,3,0,0,0,20,0.15,36,0.0,0.15
T28A,GCGGTCGTGGCGGAATGGCAGACGCGCAAGGTTGAGGGCCTAGTGGGGGCAACCCCGTGGAGGTTCAAGTCCTCTCGACCGCACCA,56,93,1,0,6,0,0,0,63,0.1111111111111111,93,0.0,0.1111111111111111
T28G,GCGGTCGTGGCGGAATGGCAGACGCGCGAGGTTGAGGGCCTAGTGGGGGCAACCCCGTGGAGGTTCAAGTCCTCTCGACCGCACCA,53,75,0,0,4,0,0,0,57,0.07017543859649122,75,0.0,0.07017543859649122
T28C,GCGGTCGTGGCGGAATGGCAGACGCGCCAGGTTGAGGGCCTAGTGGGGGCAACCCCGTGGAGGTTCAAGTCCTCTCGACCGCACCA,76,76,0,0,0,0,0,0,76,0.0,76,0.0,0.0
A29T,GCGGTCGTGGCGGAATGGCAGACGCGCTTGGTTGAGGGCCTAGTGGGGGCAACCCCGTGGAGGTTCAAGTCCTCTCGACCGCACCA,56,115,1,0,9,0,2,0,68,0.17647058823529413,115,0.0,0.17647058823529413
A29G,GCGGTCGTGGCGGAATGGCAGACGCGCTGGGTTGAGGGCCTAGTGGGGGCAACCCCGTGGAGGTTCAAGTCCTCTCGACCGCACCA,28,83,3,0,24,0,13,0,68,0.5882352941176471,83,0.0,0.5882352941176471
A29C,GCGGTCGTGGCGGAATGGCAGACGCGCTCGGTTGAGGGCCTAGTGGGGGCAACCCCGTGGAGGTTCAAGTCCTCTCGACCGCACCA,85,92,1,0,14,0,3,0,103,0.17475728155339806,92,0.0,0.17475728155339806
G30A,GCGGTCGTGGCGGAATGGCAGACGCGCTAAGTTGAGGGCCTAGTGGGGGCAACCCCGTGGAGGTTCAAGTCCTCTCGACCGCACCA,63,82,0,0,5,0,0,0,68,0.07352941176470588,82,0.0,0.07352941176470588
G30T,GCGGTCGTGGCGGAATGGCAGACGCGCTATGTTGAGGGCCTAGTGGGGGCAACCCCGTGGAGGTTCAAGTCCTCTCGACCGCACCA,67,68,0,0,0,0,0,0,67,0.0,68,0.0,0.0
G30C,GCGGTCGTGGCGGAATGGCAGACGCGCTACGTTGAGGGCCTAGTGGGGGCAACCCCGTGGAGGTTCAAGTCCTCTCGACCGCACCA,53,61,0,0,0,0,1,0,54,0.018518518518518517,61,0.0,0.018518518518518517
G31A,GCGGTCGTGGCGGAATGGCAGACGCGCTAGATTGAGGGCCTAGTGGGGGCAACCCCGTGGAGGTTCAAGTCCTCTCGACCGCACCA,55,71,1,0,15,0,6,0,77,0.2857142857142857,71,0.0,0.2857142857142857
G31T,GCGGTCGTGGCGGAATGGCAGACGCGCTAGTTTGAGGGCCTAGTGGGGGCAACCCCGTGGAGGTTCAAGTCCTCTCGACCGCACCA,51,81,0,0,12,0,1,0,64,0.203125,81,0.0,0.203125
G31C,GCGGTCGTGGCGGAATGGCAGACGCGCTAGCTTGAGGGCCTAGTGGGGGCAACCCCGTGGAGGTTCAAGTCCTCTCGACCGCACCA,47,101,4,0,27,0,5,0,83,0.43373493975903615,101,0.0,0.43373493975903615
T32A,GCGGTCGTGGCGGAATGGCAGACGCGCTAGGATGAGGGCCTAGTGGGGGCAACCCCGTGGAGGTTCAAGTCCTCTCGACCGCACCA,28,36,0,0,4,0,1,0,33,0.15151515151515152,36,0.0,0.15151515151515152
T32G,GCGGTCGTGGCGGAATGGCAGACGCGCTAGGGTGAGGGCCTAGTGGGGGCAACCCCGTGGAGGTTCAAGTCCTCTCGACCGCACCA,13,53,2,0,19,0,2,0,36,0.6388888888888888,53,0.0,0.6388888888888888
T32C,GCGGTCGTGGCGGAATGGCAGACGCGCTAGGCTGAGGGCCTAGTGGGGGCAACCCCGTGGAGGTTCAAGTCCTCTCGACCGCACCA,33,90,0,0,30,0,6,0,69,0.5217391304347826,90,0.0,0.5217391304347826
T33A,GCGGTCGTGGCGGAATGGCAGACGCGCTAGGTAGAGGGCCTAGTGGGGGCAACCCCGTGGAGGTTCAAGTCCTCTCGACCGCACCA,18,87,5,0,33,0,7,0,63,0.7142857142857143,87,0.0,0.7142857142857143
T33G,GCGGTCGTGGCGGAATGGCAGACGCGCTAGGTGGAGGGCCTAGTGGGGGCAACCCCGTGGAGGTTCAAGTCCTCTCGACCGCACCA,13,49,3,0,14,1,3,0,33,0.6060606060606061,50,0.02,0.5860606060606061
T33C,GCGGTCGTGGCGGAATGGCAGACGCGCTAGGTCGAGGGCCTAGTGGGGGCAACCCCGTGGAGGTTCAAGTCCTCTCGACCGCACCA,32,100,3,0,50,0,11,0,96,0.6666666666666666,100,0.0,0.6666666666666666
G34A,GCGGTCGTGGCGGAATGGCAGACGCGCTAGGTTAAGGGCCTAGTGGGGGCAACCCCGTGGAGGTTCAAGTCCTCTCGACCGCACCA,25,136,1,0,38,0,7,0,71,0.647887323943662,136,0.0,0.647887323943662
G34T,GCGGTCGTGGCGGAATGGCAGACGCGCTAGGTTTAGGGCCTAGTGGGGGCAACCCCGTGGAGGTTCAAGTCCTCTCGACCGCACCA,36,148,1,0,57,0,11,0,105,0.6571428571428571,148,0.0,0.6571428571428571
G34C,GCGGTCGTGGCGGAATGGCAGACGCGCTAGGTTCAGGGCCTAGTGGGGGCAACCCCGTGGAGGTTCAAGTCCTCTCGACCGCACCA,23,101,3,0,28,0,4,0,58,0.603448275862069,101,0.0,0.603448275862069
A35T,GCGGTCGTGGCGGAATGGCAGACGCGCTAGGTTGTGGGCCTAGTGGGGGCAACCCCGTGGAGGTTCAAGTCCTCTCGACCGCACCA,40,104,3,0,37,0,8,0,88,0.5454545454545454,104,0.0,0.5454545454545454
A35G,GCGGTCGTGGCGGAATGGCAGACGCGCTAGGTTGGGGGCCTAGTGGGGGCAACCCCGTGGAGGTTCAAGTCCTCTCGACCGCACCA,16,62,0,0,21,0,4,1,41,0.6097560975609756,63,0.015873015873015872,0.5938830816879597
A35C,GCGGTCGTGGCGGAATGGCAGACGCGCTAGGTTGCGGGCCTAGTGGGGGCAACCCCGTGGAGGTTCAAGTCCTCTCGACCGCACCA,39,143,2,0,44,0,6,0,91,0.5714285714285714,143,0.0,0.5714285714285714
G36A,GCGGTCGTGGCGGAATGGCAGACGCGCTAGGTTGAAGGCCTAGTGGGGGCAACCCCGTGGAGGTTCAAGTCCTCTCGACCGCACCA,35,131,4,0,33,0,8,0,80,0.5625,131,0.0,0.5625
G36T,GCGGTCGTGGCGGAATGGCAGACGCGCTAGGTTGATGGCCTAGTGGGGGCAACCCCGTGGAGGTTCAAGTCCTCTCGACCGCACCA,33,124,6,0,57,0,11,0,107,0.6915887850467289,124,0.0,0.6915887850467289
G36C,GCGGTCGTGGCGGAATGGCAGACGCGCTAGGTTGACGGCCTAGTGGGGGCAACCCCGTGGAGGTTCAAGTCCTCTCGACCGCACCA,32,122,4,0,39,0,13,1,88,0.6363636363636364,123,0.008130081300813009,0.6282335550628233
G37A,GCGGTCGTGGCGGAATGGCAGACGCGCTAGGTTGAGAGCCTAGTGGGGGCAACCCCGTGGAGGTTCAAGTCCTCTCGACCGCACCA,48,153,2,0,52,1,12,0,114,0.5789473684210527,154,0.006493506493506494,0.5724538619275462
G37T,GCGGTCGTGGCGGAATGGCAGACGCGCTAGGTTGAGTGCCTAGTGGGGGCAACCCCGTGGAGGTTCAAGTCCTCTCGACCGCACCA,55,144,5,0,51,0,4,0,115,0.5217391304347826,144,0.0,0.5217391304347826
G37C,GCGGTCGTGGCGGAATGGCAGACGCGCTAGGTTGAGCGCCTAGTGGGGGCAACCCCGTGGAGGTTCAAGTCCTCTCGACCGCACCA,56,173,4,0,51,0,10,1,121,0.5371900826446281,174,0.005747126436781609,0.5314429562078464
G38A,GCGGTCGTGGCGGAATGGCAGACGCGCTAGGTTGAGGACCTAGTGGGGGCAACCCCGTGGAGGTTCAAGTCCTCTCGACCGCACCA,36,145,5,0,37,0,11,0,89,0.5955056179775281,145,0.0,0.5955056179775281
G38T,GCGGTCGTGGCGGAATGGCAGACGCGCTAGGTTGAGGTCCTAGTGGGGGCAACCCCGTGGAGGTTCAAGTCCTCTCGACCGCACCA,45,160,2,0,40,1,12,0,99,0.5454545454545454,161,0.006211180124223602,0.5392433653303218
G38C,GCGGTCGTGGCGGAATGGCAGACGCGCTAGGTTGAGGCCCTAGTGGGGGCAACCCCGTGGAGGTTCAAGTCCTCTCGACCGCACCA,38,128,4,0,35,0,8,0,85,0.5529411764705883,128,0.0,0.5529411764705883
C39A,GCGGTCGTGGCGGAATGGCAGACGCGCTAGGTTGAGGGACTAGTGGGGGCAACCCCGTGGAGGTTCAAGTCCTCTCGACCGCACCA,29,71,1,0,23,0,3,0,56,0.48214285714285715,71,0.0,0.48214285714285715
C39T,GCGGTCGTGGCGGAATGGCAGACGCGCTAGGTTGAGGGTCTAGTGGGGGCAACCCCGTGGAGGTTCAAGTCCTCTCGACCGCACCA,23,114,3,0,35,0,5,1,66,0.6515151515151515,115,0.008695652173913044,0.6428194993412385
C39G,GCGGTCGTGGCGGAATGGCAGACGCGCTAGGTTGAGGGGCTAGTGGGGGCAACCCCGTGGAGGTTCAAGTCCTCTCGACCGCACCA,19,44,1,0,12,0,5,0,37,0.4864864864864865,44,0.0,0.4864864864864865
C40A,GCGGTCGTGGCGGAATGGCAGACGCGCTAGGTTGAGGGCATAGTGGGGGCAACCCCGTGGAGGTTCAAGTCCTCTCGACCGCACCA,39,55,0,0,3,0,0,0,42,0.07142857142857142,55,0.0,0.07142857142857142
C40T,GCGGTCGTGGCGGAATGGCAGACGCGCTAGGTTGAGGGCTTAGTGGGGGCAACCCCGTGGAGGTTCAAGTCCTCTCGACCGCACCA,48,94,1,0,12,0,4,0,65,0.26153846153846155,94,0.0,0.26153846153846155
C40G,GCGGTCGTGGCGGAATGGCAGACGCGCTAGGTTGAGGGCGTAGTGGGGGCAACCCCGTGGAGGTTCAAGTCCTCTCGACCGCACCA,41,42,0,0,1,0,0,0,42,0.023809523809523808,42,0.0,0.023809523809523808
T41A,GCGGTCGTGGCGGAATGGCAGACGCGCTAGGTTGAGGGCCAAGTGGGGGCAACCCCGTGGAGGTTCAAGTCCTCTCGACCGCACCA,58,74,1,0,6,0,1,0,66,0.12121212121212122,74,0.0,0.12121212121212122
T41G,GCGGTCGTGGCGGAATGGCAGACGCGCTAGGTTGAGGGCCGAGTGGGGGCAACCCCGTGGAGGTTCAAGTCCTCTCGACCGCACCA,45,63,3,0,6,0,2,0,56,0.19642857142857142,63,0.0,0.19642857142857142
T41C,GCGGTCGTGGCGGAATGGCAGACGCGCTAGGTTGAGGGCCCAGTGGGGGCAACCCCGTGGAGGTTCAAGTCCTCTCGACCGCACCA,67,111,0,0,3,0,2,0,72,0.06944444444444445,111,0.0,0.06944444444444445
A42T,GCGGTCGTGGCGGAATGGCAGACGCGCTAGGTTGAGGGCCTTGTGGGGGCAACCCCGTGGAGGTTCAAGTCCTCTCGACCGCACCA,74,91,1,0,6,0,0,0,81,0.08641975308641975,91,0.0,0.08641975308641975
A42G,GCGGTCGTGGCGGAATGGCAGACGCGCTAGGTTGAGGGCCTGGTGGGGGCAACCCCGTGGAGGTTCAAGTCCTCTCGACCGCACCA,17,111,8,0,27,0,4,0,56,0.6964285714285714,111,0.0,0.6964285714285714
A42C,GCGGTCGTGGCGGAATGGCAGACGCGCTAGGTTGAGGGCCTCGTGGGGGCAACCCCGTGGAGGTTCAAGTCCTCTCGACCGCACCA,30,27,0,0,0,0,0,0,30,0.0,27,0.0,0.0
G43A,GCGGTCGTGGCGGAATGGCAGACGCGCTAGGTTGAGGGCCTAATGGGGGCAACCCCGTGGAGGTTCAAGTCCTCTCGACCGCACCA,61,76,0,0,0,0,0,0,61,0.0,76,0.0,0.0
G43T,GCGGTCGTGGCGGAATGGCAGACGCGCTAGGTTGAGGGCCTATTGGGGGCAACCCCGTGGAGGTTCAAGTCCTCTCGACCGCACCA,94,100,0,0,2,0,2,0,98,0.04081632653061224,100,0.0,0.04081632653061224
G43C,GCGGTCGTGGCGGAATGGCAGACGCGCTAGGTTGAGGGCCTACTGGGGGCAACCCCGTGGAGGTTCAAGTCCTCTCGACCGCACCA,56,63,0,0,1,0,0,0,57,0.017543859649122806,63,0.0,0.017543859649122806
T44A,GCGGTCGTGGCGGAATGGCAGACGCGCTAGGTTGAGGGCCTAGAGGGGGCAACCCCGTGGAGGTTCAAGTCCTCTCGACCGCACCA,38,81,1,0,20,0,9,0,68,0.4411764705882353,81,0.0,0.4411764705882353
T44G,GCGGTCGTGGCGGAATGGCAGACGCGCTAGGTTGAGGGCCTAGGGGGGGCAACCCCGTGGAGGTTCAAGTCCTCTCGACCGCACCA,24,80,1,0,16,0,2,0,43,0.4418604651162791,80,0.0,0.4418604651162791
T44C,GCGGTCGTGGCGGAATGGCAGACGCGCTAGGTTGAGGGCCTAGCGGGGGCAACCCCGTGGAGGTTCAAGTCCTCTCGACCGCACCA,66,145,2,0,26,0,4,0,98,0.32653061224489793,145,0.0,0.32653061224489793
G45A,GCGGTCGTGGCGGAATGGCAGACGCGCTAGGTTGAGGGCCTAGTAGGGGCAACCCCGTGGAGGTTCAAGTCCTCTCGACCGCACCA,69,101,0,0,10,1,0,0,79,0.12658227848101267,102,0.00980392156862745,0.11677835691238522
G45T,GCGGTCGTGGCGGAATGGCAGACGCGCTAGGTTGAGGGCCTAGTTGGGGCAACCCCGTGGAGGTTCAAGTCCTCTCGACCGCACCA,68,82,0,0,10,0,3,0,81,0.16049382716049382,82,0.0,0.16049382716049382
G45C,GCGGTCGTGGCGGAATGGCAGACGCGCTAGGTTGAGGGCCTAGTCGGGGCAACCCCGTGGAGGTTCAAGTCCTCTCGACCGCACCA,48,69,0,0,10,0,5,0,63,0.23809523809523808,69,0.0,0.23809523809523808
G46A,GCGGTCGTGGCGGAATGGCAGACGCGCTAGGTTGAGGGCCTAGTGAGGGCAACCCCGTGGAGGTTCAAGTCCTCTCGACCGCACCA,69,71,0,0,2,0,0,0,71,0.028169014084507043,71,0.0,0.028169014084507043
G46T,GCGGTCGTGGCGGAATGGCAGACGCGCTAGGTTGAGGGCCTAGTGTGGGCAACCCCGTGGAGGTTCAAGTCCTCTCGACCGCACCA,55,54,0,0,0,0,0,0,55,0.0,54,0.0,0.0
G46C,GCGGTCGTGGCGGAATGGCAGACGCGCTAGGTTGAGGGCCTAGTGCGGGCAACCCCGTGGAGGTTCAAGTCCTCTCGACCGCACCA,77,84,0,0,0,0,0,0,77,0.0,84,0.0,0.0
G47A,GCGGTCGTGGCGGAATGGCAGACGCGCTAGGTTGAGGGCCTAGTGGAGGCAACCCCGTGGAGGTTCAAGTCCTCTCGACCGCACCA,76,81,0,0,7,0,0,0,83,0.08433734939759036,81,0.0,0.08433734939759036
G47T,GCGGTCGTGGCGGAATGGCAGACGCGCTAGGTTGAGGGCCTAGTGGTGGCAACCCCGTGGAGGTTCAAGTCCTCTCGACCGCACCA,57,57,0,0,1,0,0,0,58,0.017241379310344827,57,0.0,0.017241379310344827
G47C,GCGGTCGTGGCGGAATGGCAGACGCGCTAGGTTGAGGGCCTAGTGGCGGCAACCCCGTGGAGGTTCAAGTCCTCTCGACCGCACCA,43,47,0,0,1,0,0,0,44,0.022727272727272728,47,0.0,0.022727272727272728
G48A,GCGGTCGTGGCGGAATGGCAGACGCGCTAGGTTGAGGGCCTAGTGGGAGCAACCCCGTGGAGGTTCAAGTCCTCTCGACCGCACCA,59,92,2,0,13,0,4,0,78,0.24358974358974358,92,0.0,0.24358974358974358
G48T,GCGGTCGTGGCGGAATGGCAGACGCGCTAGGTTGAGGGCCTAGTGGGTGCAACCCCGTGGAGGTTCAAGTCCTCTCGACCGCACCA,63,95,5,0,25,0,2,0,95,0.3368421052631579,95,0.0,0.3368421052631579
G48C,GCGGTCGTGGCGGAATGGCAGACGCGCTAGGTTGAGGGCCTAGTGGGCGCAACCCCGTGGAGGTTCAAGTCCTCTCGACCGCACCA,60,60,0,0,8,0,0,0,68,0.11764705882352941,60,0.0,0.11764705882352941
G49A,GCGGTCGTGGCGGAATGGCAGACGCGCTAGGTTGAGGGCCTAGTGGGGACAACCCCGTGGAGGTTCAAGTCCTCTCGACCGCACCA,26,120,3,0,38,0,10,0,77,0.6623376623376623,120,0.0,0.6623376623376623
G49T,GCGGTCGTGGCGGAATGGCAGACGCGCTAGGTTGAGGGCCTAGTGGGGTCAACCCCGTGGAGGTTCAAGTCCTCTCGACCGCACCA,32,70,1,0,20,0,4,0,57,0.43859649122807015,70,0.0,0.43859649122807015
G49C,GCGGTCGTGGCGGAATGGCAGACGCGCTAGGTTGAGGGCCTAGTGGGGCCAACCCCGTGGAGGTTCAAGTCCTCTCGACCGCACCA,75,55,0,0,4,0,1,0,80,0.0625,55,0.0,0.0625
C50A,GCGGTCGTGGCGGAATGGCAGACGCGCTAGGTTGAGGGCCTAGTGGGGGAAACCCCGTGGAGGTTCAAGTCCTCTCGACCGCACCA,23,91,6,0,27,0,6,0,62,0.6290322580645161,91,0.0,0.6290322580645161
C50T,GCGGTCGTGGCGGAATGGCAGACGCGCTAGGTTGAGGGCCTAGTGGGGGTAACCCCGTGGAGGTTCAAGTCCTCTCGACCGCACCA,33,129,4,0,38,0,5,0,80,0.5875,129,0.0,0.5875
C50G,GCGGTCGTGGCGGAATGGCAGACGCGCTAGGTTGAGGGCCTAGTGGGGGGAACCCCGTGGAGGTTCAAGTCCTCTCGACCGCACCA,16,64,1,0,22,0,5,0,44,0.6363636363636364,64,0.0,0.6363636363636364
A51T,GCGGTCGTGGCGGAATGGCAGACGCGCTAGGTTGAGGGCCTAGTGGGGGCTACCCCGTGGAGGTTCAAGTCCTCTCGACCGCACCA,23,70,3,0,27,0,9,0,62,0.6290322580645161,70,0.0,0.6290322580645161
A51G,GCGGTCGTGGCGGAATGGCAGACGCGCTAGGTTGAGGGCCTAGTGGGGGCGACCCCGTGGAGGTTCAAGTCCTCTCGACCGCACCA,17,81,5,0,36,0,9,0,67,0.746268656716418,81,0.0,0.746268656716418
A51C,GCGGTCGTGGCGGAATGGCAGACGCGCTAGGTTGAGGGCCTAGTGGGGGCCACCCCGTGGAGGTTCAAGTCCTCTCGACCGCACCA,38,36,0,0,3,1,2,1,43,0.11627906976744186,38,0.05263157894736842,0.06364749082007344
A52T,GCGGTCGTGGCGGAATGGCAGACGCGCTAGGTTGAGGGCCTAGTGGGGGCATCCCCGTGGAGGTTCAAGTCCTCTCGACCGCACCA,20,69,1,0,23,0,5,0,49,0.5918367346938775,69,0.0,0.5918367346938775
A52G,GCGGTCGTGGCGGAATGGCAGACGCGCTAGGTTGAGGGCCTAGTGGGGGCAGCCCCGTGGAGGTTCAAGTCCTCTCGACCGCACCA,23,38,1,0,25,1,1,0,50,0.54,39,0.02564102564102564,0.5143589743589744
A52C,GCGGTCGTGGCGGAATGGCAGACGCGCTAGGTTGAGGGCCTAGTGGGGGCACCCCCGTGGAGGTTCAAGTCCTCTCGACCGCACCA,19,27,2,0,8,0,3,0,32,0.40625,27,0.0,0.40625
C53A,GCGGTCGTGGCGGAATGGCAGACGCGCTAGGTTGAGGGCCTAGTGGGGGCAAACCCGTGGAGGTTCAAGTCCTCTCGACCGCACCA,51,68,2,0,21,0,3,0,77,0.33766233766233766,68,0.0,0.33766233766233766
C53T,GCGGTCGTGGCGGAATGGCAGACGCGCTAGGTTGAGGGCCTAGTGGGGGCAATCCCGTGGAGGTTCAAGTCCTCTCGACCGCACCA,20,33,2,0,13,0,4,0,39,0.48717948717948717,33,0.0,0.48717948717948717
C53G,GCGGTCGTGGCGGAATGGCAGACGCGCTAGGTTGAGGGCCTAGTGGGGGCAAGCCCGTGGAGGTTCAAGTCCTCTCGACCGCACCA,39,50,2,0,14,0,1,0,56,0.30357142857142855,50,0.0,0.30357142857142855
C54A,GCGGTCGTGGCGGAATGGCAGACGCGCTAGGTTGAGGGCCTAGTGGGGGCAACACCGTGGAGGTTCAAGTCCTCTCGACCGCACCA,51,65,0,0,4,0,2,0,57,0.10526315789473684,65,0.0,0.10526315789473684
C54T,GCGGTCGTGGCGGAATGGCAGACGCGCTAGGTTGAGGGCCTAGTGGGGGCAACTCCGTGGAGGTTCAAGTCCTCTCGACCGCACCA,33,59,2,0,19,1,4,0,58,0.43103448275862066,60,0.016666666666666666,0.414367816091954
C54G,GCGGTCGTGGCGGAATGGCAGACGCGCTAGGTTGAGGGCCTAGTGGGGGCAACGCCGTGGAGGTTCAAGTCCTCTCGACCGCACCA,17,19,0,0,0,0,0,0,17,0.0,19,0.0,0.0
C55A,GCGGTCGTGGCGGAATGGCAGACGCGCTAGGTTGAGGGCCTAGTGGGGGCAACCACGTGGAGGTTCAAGTCCTCTCGACCGCACCA,37,52,0,0,1,0,0,0,38,0.02631578947368421,52,0.0,0.02631578947368421
C55T,GCGGTCGTGGCGGAATGGCAGACGCGCTAGGTTGAGGGCCTAGTGGGGGCAACCTCGTGGAGGTTCAAGTCCTCTCGACCGCACCA,46,80,0,0,11,0,3,0,60,0.23333333333333334,80,0.0,0.23333333333333334
C55G,GCGGTCGTGGCGGAATGGCAGACGCGCTAGGTTGAGGGCCTAGTGGGGGCAACCGCGTGGAGGTTCAAGTCCTCTCGACCGCACCA,35,35,0,0,0,0,0,0,35,0.0,35,0.0,0.0
C56A,GCGGTCGTGGCGGAATGGCAGACGCGCTAGGTTGAGGGCCTAGTGGGGGCAACCCAGTGGAGGTTCAAGTCCTCTCGACCGCACCA,26,59,3,0,14,0,5,0,48,0.4583333333333333,59,0.0,0.4583333333333333
C56T,GCGGTCGTGGCGGAATGGCAGACGCGCTAGGTTGAGGGCCTAGTGGGGGCAACCCTGTGGAGGTTCAAGTCCTCTCGACCGCACCA,32,101,3,0,25,0,10,0,70,0.5428571428571428,101,0.0,0.5428571428571428
C56G,GCGGTCGTGGCGGAATGGCAGACGCGCTAGGTTGAGGGCCTAGTGGGGGCAACCCGGTGGAGGTTCAAGTCCTCTCGACCGCACCA,32,58,2,0,17,0,4,0,55,0.41818181818181815,58,0.0,0.41818181818181815
G57A,GCGGTCGTGGCGGAATGGCAGACGCGCTAGGTTGAGGGCCTAGTGGGGGCAACCCCATGGAGGTTCAAGTCCTCTCGACCGCACCA,59,112,2,0,31,0,4,0,96,0.3854166666666667,112,0.0,0.3854166666666667
G57T,GCGGTCGTGGCGGAATGGCAGACGCGCTAGGTTGAGGGCCTAGTGGGGGCAACCCCTTGGAGGTTCAAGTCCTCTCGACCGCACCA,33,97,3,0,37,0,5,0,78,0.5769230769230769,97,0.0,0.5769230769230769
G57C,GCGGTCGTGGCGGAATGGCAGACGCGCTAGGTTGAGGGCCTAGTGGGGGCAACCCCCTGGAGGTTCAAGTCCTCTCGACCGCACCA,67,114,0,0,23,1,2,0,92,0.2717391304347826,115,0.008695652173913044,0.26304347826086955
T58A,GCGGTCGTGGCGGAATGGCAGACGCGCTAGGTTGAGGGCCTAGTGGGGGCAACCCCGAGGAGGTTCAAGTCCTCTCGACCGCACCA,94,94,0,0,1,1,0,0,95,0.010526315789473684,95,0.010526315789473684,0.0
T58G,GCGGTCGTGGCGGAATGGCAGACGCGCTAGGTTGAGGGCCTAGTGGGGGCAACCCCGGGGAGGTTCAAGTCCTCTCGACCGCACCA,79,83,0,0,1,0,0,0,80,0.0125,83,0.0,0.0125
T58C,GCGGTCGTGGCGGAATGGCAGACGCGCTAGGTTGAGGGCCTAGTGGGGGCAACCCCGCGGAGGTTCAAGTCCTCTCGACCGCACCA,78,80,0,0,2,0,0,0,80,0.025,80,0.0,0.025
G59A,GCGGTCGTGGCGGAATGGCAGACGCGCTAGGTTGAGGGCCTAGTGGGGGCAACCCCGTAGAGGTTCAAGTCCTCTCGACCGCACCA,26,118,3,0,26,0,5,0,60,0.5666666666666667,118,0.0,0.5666666666666667
G59T,GCGGTCGTGGCGGAATGGCAGACGCGCTAGGTTGAGGGCCTAGTGGGGGCAACCCCGTTGAGGTTCAAGTCCTCTCGACCGCACCA,105,109,2,0,9,1,3,0,119,0.11764705882352941,110,0.00909090909090909,0.10855614973262032
G59C,GCGGTCGTGGCGGAATGGCAGACGCGCTAGGTTGAGGGCCTAGTGGGGGCAACCCCGTCGAGGTTCAAGTCCTCTCGACCGCACCA,67,86,0,0,0,0,0,0,67,0.0,86,0.0,0.0
G60A,GCGGTCGTGGCGGAATGGCAGACGCGCTAGGTTGAGGGCCTAGTGGGGGCAACCCCGTGAAGGTTCAAGTCCTCTCGACCGCACCA,56,73,0,0,0,0,0,0,56,0.0,73,0.0,0.0
G60T,GCGGTCGTGGCGGAATGGCAGACGCGCTAGGTTGAGGGCCTAGTGGGGGCAACCCCGTGTAGGTTCAAGTCCTCTCGACCGCACCA,61,61,0,0,0,0,0,0,61,0.0,61,0.0,0.0
G60C,GCGGTCGTGGCGGAATGGCAGACGCGCTAGGTTGAGGGCCTAGTGGGGGCAACCCCGTGCAGGTTCAAGTCCTCTCGACCGCACCA,47,40,0,0,0,0,0,0,47,0.0,40,0.0,0.0
A61T,GCGGTCGTGGCGGAATGGCAGACGCGCTAGGTTGAGGGCCTAGTGGGGGCAACCCCGTGGTGGTTCAAGTCCTCTCGACCGCACCA,38,48,0,0,0,0,0,0,38,0.0,48,0.0,0.0
A61G,GCGGTCGTGGCGGAATGGCAGACGCGCTAGGTTGAGGGCCTAGTGGGGGCAACCCCGTGGGGGTTCAAGTCCTCTCGACCGCACCA,36,48,1,0,3,0,1,0,41,0.12195121951219512,48,0.0,0.12195121951219512
A61C,GCGGTCGTGGCGGAATGGCAGACGCGCTAGGTTGAGGGCCTAGTGGGGGCAACCCCGTGGCGGTTCAAGTCCTCTCGACCGCACCA,42,25,0,0,1,0,1,0,44,0.045454545454545456,25,0.0,0.045454545454545456
G62A,GCGGTCGTGGCGGAATGGCAGACGCGCTAGGTTGAGGGCCTAGTGGGGGCAACCCCGTGGAAGTTCAAGTCCTCTCGACCGCACCA,42,45,0,0,1,0,0,0,43,0.023255813953488372,45,0.0,0.023255813953488372
G62T,GCGGTCGTGGCGGAATGGCAGACGCGCTAGGTTGAGGGCCTAGTGGGGGCAACCCCGTGGATGTTCAAGTCCTCTCGACCGCACCA,73,40,0,0,0,0,0,0,73,0.0,40,0.0,0.0
G62C,GCGGTCGTGGCGGAATGGCAGACGCGCTAGGTTGAGGGCCTAGTGGGGGCAACCCCGTGGACGTTCAAGTCCTCTCGACCGCACCA,62,67,0,0,0,0,0,0,62,0.0,67,0.0,0.0
G63A,GCGGTCGTGGCGGAATGGCAGACGCGCTAGGTTGAGGGCCTAGTGGGGGCAACCCCGTGGAGATTCAAGTCCTCTCGACCGCACCA,56,65,0,0,0,0,0,0,56,0.0,65,0.0,0.0
G63T,GCGGTCGTGGCGGAATGGCAGACGCGCTAGGTTGAGGGCCTAGTGGGGGCAACCCCGTGGAGTTTCAAGTCCTCTCGACCGCACCA,47,47,0,0,0,0,0,1,47,0.0,48,0.020833333333333332,-0.020833333333333332
G63C,GCGGTCGTGGCGGAATGGCAGACGCGCTAGGTTGAGGGCCTAGTGGGGGCAACCCCGTGGAGCTTCAAGTCCTCTCGACCGCACCA,54,51,0,0,0,0,0,0,54,0.0,51,0.0,0.0
T64A,GCGGTCGTGGCGGAATGGCAGACGCGCTAGGTTGAGGGCCTAGTGGGGGCAACCCCGTGGAGGATCAAGTCCTCTCGACCGCACCA,81,111,0,0,2,0,0,0,83,0.024096385542168676,111,0.0,0.024096385542168676
T64G,GCGGTCGTGGCGGAATGGCAGACGCGCTAGGTTGAGGGCCTAGTGGGGGCAACCCCGTGGAGGGTCAAGTCCTCTCGACCGCACCA,84,50,0,0,0,0,0,1,84,0.0,51,0.0196078431372549,-0.0196078431372549
T64C,GCGGTCGTGGCGGAATGGCAGACGCGCTAGGTTGAGGGCCTAGTGGGGGCAACCCCGTGGAGGCTCAAGTCCTCTCGACCGCACCA,54,66,0,0,1,0,0,0,55,0.01818181818181818,66,0.0,0.01818181818181818
T65A,GCGGTCGTGGCGGAATGGCAGACGCGCTAGGTTGAGGGCCTAGTGGGGGCAACCCCGTGGAGGTACAAGTCCTCTCGACCGCACCA,87,112,0,0,1,0,0,0,88,0.011363636363636364,112,0.0,0.011363636363636364
T65G,GCGGTCGTGGCGGAATGGCAGACGCGCTAGGTTGAGGGCCTAGTGGGGGCAACCCCGTGGAGGTGCAAGTCCTCTCGACCGCACCA,63,61,0,0,0,0,0,0,63,0.0,61,0.0,0.0
T65C,GCGGTCGTGGCGGAATGGCAGACGCGCTAGGTTGAGGGCCTAGTGGGGGCAACCCCGTGGAGGTCCAAGTCCTCTCGACCGCACCA,65,72,0,0,3,0,0,0,68,0.04411764705882353,72,0.0,0.04411764705882353
C66A,GCGGTCGTGGCGGAATGGCAGACGCGCTAGGTTGAGGGCCTAGTGGGGGCAACCCCGTGGAGGTTAAAGTCCTCTCGACCGCACCA,92,108,0,0,0,0,0,0,92,0.0,108,0.0,0.0
C66T,GCGGTCGTGGCGGAATGGCAGACGCGCTAGGTTGAGGGCCTAGTGGGGGCAACCCCGTGGAGGTTTAAGTCCTCTCGACCGCACCA,116,145,3,0,12,0,3,0,134,0.13432835820895522,145,0.0,0.13432835820895522
C66G,GCGGTCGTGGCGGAATGGCAGACGCGCTAGGTTGAGGGCCTAGTGGGGGCAACCCCGTGGAGGTTGAAGTCCTCTCGACCGCACCA,106,99,0,0,0,1,0,0,106,0.0,100,0.01,-0.01
A67T,GCGGTCGTGGCGGAATGGCAGACGCGCTAGGTTGAGGGCCTAGTGGGGGCAACCCCGTGGAGGTTCTAGTCCTCTCGACCGCACCA,97,108,0,0,1,0,0,0,98,0.01020408163265306,108,0.0,0.01020408163265306
A67G,GCGGTCGTGGCGGAATGGCAGACGCGCTAGGTTGAGGGCCTAGTGGGGGCAACCCCGTGGAGGTTCGAGTCCTCTCGACCGCACCA,9,101,1,0,32,0,10,0,52,0.8269230769230769,101,0.0,0.8269230769230769
A67C,GCGGTCGTGGCGGAATGGCAGACGCGCTAGGTTGAGGGCCTAGTGGGGGCAACCCCGTGGAGGTTCCAGTCCTCTCGACCGCACCA,83,59,0,0,0,0,0,0,83,0.0,59,0.0,0.0
A68T,GCGGTCGTGGCGGAATGGCAGACGCGCTAGGTTGAGGGCCTAGTGGGGGCAACCCCGTGGAGGTTCATGTCCTCTCGACCGCACCA,93,109,0,0,2,0,0,0,95,0.021052631578947368,109,0.0,0.021052631578947368
A68G,GCGGTCGTGGCGGAATGGCAGACGCGCTAGGTTGAGGGCCTAGTGGGGGCAACCCCGTGGAGGTTCAGGTCCTCTCGACCGCACCA,71,73,0,0,0,0,0,0,71,0.0,73,0.0,0.0
A68C,GCGGTCGTGGCGGAATGGCAGACGCGCTAGGTTGAGGGCCTAGTGGGGGCAACCCCGTGGAGGTTCACGTCCTCTCGACCGCACCA,89,122,0,0,0,0,0,0,89,0.0,122,0.0,0.0
G69A,GCGGTCGTGGCGGAATGGCAGACGCGCTAGGTTGAGGGCCTAGTGGGGGCAACCCCGTGGAGGTTCAAATCCTCTCGACCGCACCA,56,135,4,0,34,0,9,0,103,0.4563106796116505,135,0.0,0.4563106796116505
G69T,GCGGTCGTGGCGGAATGGCAGACGCGCTAGGTTGAGGGCCTAGTGGGGGCAACCCCGTGGAGGTTCAATTCCTCTCGACCGCACCA,52,50,1,0,10,0,0,0,63,0.1746031746031746,50,0.0,0.1746031746031746
G69C,GCGGTCGTGGCGGAATGGCAGACGCGCTAGGTTGAGGGCCTAGTGGGGGCAACCCCGTGGAGGTTCAACTCCTCTCGACCGCACCA,37,109,2,0,25,0,8,0,72,0.4861111111111111,109,0.0,0.4861111111111111
T70A,GCGGTCGTGGCGGAATGGCAGACGCGCTAGGTTGAGGGCCTAGTGGGGGCAACCCCGTGGAGGTTCAAGACCTCTCGACCGCACCA,62,69,1,0,1,0,1,0,65,0.046153846153846156,69,0.0,0.046153846153846156
T70G,GCGGTCGTGGCGGAATGGCAGACGCGCTAGGTTGAGGGCCTAGTGGGGGCAACCCCGTGGAGGTTCAAGGCCTCTCGACCGCACCA,67,79,1,0,10,0,2,0,80,0.1625,79,0.0,0.1625
T70C,GCGGTCGTGGCGGAATGGCAGACGCGCTAGGTTGAGGGCCTAGTGGGGGCAACCCCGTGGAGGTTCAAGCCCTCTCGACCGCACCA,58,81,1,0,12,0,2,0,73,0.2054794520547945,81,0.0,0.2054794520547945
C71A,GCGGTCGTGGCGGAATGGCAGACGCGCTAGGTTGAGGGCCTAGTGGGGGCAACCCCGTGGAGGTTCAAGTACTCTCGACCGCACCA,60,63,0,0,0,0,0,0,60,0.0,63,0.0,0.0
C71T,GCGGTCGTGGCGGAATGGCAGACGCGCTAGGTTGAGGGCCTAGTGGGGGCAACCCCGTGGAGGTTCAAGTTCTCTCGACCGCACCA,82,80,0,0,0,0,1,0,83,0.012048192771084338,80,0.0,0.012048192771084338
C71G,GCGGTCGTGGCGGAATGGCAGACGCGCTAGGTTGAGGGCCTAGTGGGGGCAACCCCGTGGAGGTTCAAGTGCTCTCGACCGCACCA,17,19,0,0,0,0,0,0,17,0.0,19,0.0,0.0
C72A,GCGGTCGTGGCGGAATGGCAGACGCGCTAGGTTGAGGGCCTAGTGGGGGCAACCCCGTGGAGGTTCAAGTCATCTCGACCGCACCA,18,18,0,0,0,0,0,0,18,0.0,18,0.0,0.0
C72T,GCGGTCGTGGCGGAATGGCAGACGCGCTAGGTTGAGGGCCTAGTGGGGGCAACCCCGTGGAGGTTCAAGTCTTCTCGACCGCACCA,49,72,0,0,4,0,4,0,57,0.14035087719298245,72,0.0,0.14035087719298245
C72G,GCGGTCGTGGCGGAATGGCAGACGCGCTAGGTTGAGGGCCTAGTGGGGGCAACCCCGTGGAGGTTCAAGTCGTCTCGACCGCACCA,2,2,0,0,0,0,0,0,2,0.0,2,0.0,0.0
T73A,GCGGTCGTGGCGGAATGGCAGACGCGCTAGGTTGAGGGCCTAGTGGGGGCAACCCCGTGGAGGTTCAAGTCCACTCGACCGCACCA,29,40,0,0,1,0,0,0,30,0.03333333333333333,40,0.0,0.03333333333333333
T73G,GCGGTCGTGGCGGAATGGCAGACGCGCTAGGTTGAGGGCCTAGTGGGGGCAACCCCGTGGAGGTTCAAGTCCGCTCGACCGCACCA,11,10,0,0,1,0,0,0,12,0.08333333333333333,10,0.0,0.08333333333333333
T73C,GCGGTCGTGGCGGAATGGCAGACGCGCTAGGTTGAGGGCCTAGTGGGGGCAACCCCGTGGAGGTTCAAGTCCCCTCGACCGCACCA,54,40,0,0,0,0,1,0,55,0.01818181818181818,40,0.0,0.01818181818181818
C74A,GCGGTCGTGGCGGAATGGCAGACGCGCTAGGTTGAGGGCCTAGTGGGGGCAACCCCGTGGAGGTTCAAGTCCTATCGACCGCACCA,12,12,0,0,1,0,0,0,13,0.07692307692307693,12,0.0,0.07692307692307693
C74T,GCGGTCGTGGCGGAATGGCAGACGCGCTAGGTTGAGGGCCTAGTGGGGGCAACCCCGTGGAGGTTCAAGTCCTTTCGACCGCACCA,31,60,1,0,8,0,3,0,43,0.27906976744186046,60,0.0,0.27906976744186046
C74G,GCGGTCGTGGCGGAATGGCAGACGCGCTAGGTTGAGGGCCTAGTGGGGGCAACCCCGTGGAGGTTCAAGTCCTGTCGACCGCACCA,7,16,0,0,4,0,0,0,11,0.36363636363636365,16,0.0,0.36363636363636365
T75A,GCGGTCGTGGCGGAATGGCAGACGCGCTAGGTTGAGGGCCTAGTGGGGGCAACCCCGTGGAGGTTCAAGTCCTCACGACCGCACCA,36,30,0,0,0,0,0,0,36,0.0,30,0.0,0.0
T75G,GCGGTCGTGGCGGAATGGCAGACGCGCTAGGTTGAGGGCCTAGTGGGGGCAACCCCGTGGAGGTTCAAGTCCTCGCGACCGCACCA,16,12,0,0,0,0,0,0,16,0.0,12,0.0,0.0
T75C,GCGGTCGTGGCGGAATGGCAGACGCGCTAGGTTGAGGGCCTAGTGGGGGCAACCCCGTGGAGGTTCAAGTCCTCCCGACCGCACCA,20,59,2,0,24,0,12,0,58,0.6551724137931034,59,0.0,0.6551724137931034
C76A,GCGGTCGTGGCGGAATGGCAGACGCGCTAGGTTGAGGGCCTAGTGGGGGCAACCCCGTGGAGGTTCAAGTCCTCTAGACCGCACCA,29,48,1,0,6,0,1,0,37,0.21621621621621623,48,0.0,0.21621621621621623
C76T,GCGGTCGTGGCGGAATGGCAGACGCGCTAGGTTGAGGGCCTAGTGGGGGCAACCCCGTGGAGGTTCAAGTCCTCTTGACCGCACCA,24,65,2,0,6,0,1,0,33,0.2727272727272727,65,0.0,0.2727272727272727
C76G,GCGGTCGTGGCGGAATGGCAGACGCGCTAGGTTGAGGGCCTAGTGGGGGCAACCCCGTGGAGGTTCAAGTCCTCTGGACCGCACCA,12,23,0,0,4,0,2,0,18,0.3333333333333333,23,0.0,0.3333333333333333
G77A,GCGGTCGTGGCGGAATGGCAGACGCGCTAGGTTGAGGGCCTAGTGGGGGCAACCCCGTGGAGGTTCAAGTCCTCTCAACCGCACCA,27,82,3,0,29,0,5,0,64,0.578125,82,0.0,0.578125
G77T,GCGGTCGTGGCGGAATGGCAGACGCGCTAGGTTGAGGGCCTAGTGGGGGCAACCCCGTGGAGGTTCAAGTCCTCTCTACCGCACCA,19,81,3,0,16,0,4,0,42,0.5476190476190477,81,0.0,0.5476190476190477
G77C,GCGGTCGTGGCGGAATGGCAGACGCGCTAGGTTGAGGGCCTAGTGGGGGCAACCCCGTGGAGGTTCAAGTCCTCTCCACCGCACCA,20,48,0,0,7,0,2,0,29,0.3103448275862069,48,0.0,0.3103448275862069
A78T,GCGGTCGTGGCGGAATGGCAGACGCGCTAGGTTGAGGGCCTAGTGGGGGCAACCCCGTGGAGGTTCAAGTCCTCTCGTCCGCACCA,33,90,1,0,33,0,6,0,73,0.547945205479452,90,0.0,0.547945205479452
A78G,GCGGTCGTGGCGGAATGGCAGACGCGCTAGGTTGAGGGCCTAGTGGGGGCAACCCCGTGGAGGTTCAAGTCCTCTCGGCCGCACCA,17,64,4,0,22,1,6,0,49,0.6530612244897959,65,0.015384615384615385,0.6376766091051804
A78C,GCGGTCGTGGCGGAATGGCAGACGCGCTAGGTTGAGGGCCTAGTGGGGGCAACCCCGTGGAGGTTCAAGTCCTCTCGCCCGCACCA,36,147,3,0,44,0,11,0,94,0.6170212765957447,147,0.0,0.6170212765957447
C79A,GCGGTCGTGGCGGAATGGCAGACGCGCTAGGTTGAGGGCCTAGTGGGGGCAACCCCGTGGAGGTTCAAGTCCTCTCGAACGCACCA,25,103,5,0,28,0,7,0,65,0.6153846153846154,103,0.0,0.6153846153846154
C79T,GCGGTCGTGGCGGAATGGCAGACGCGCTAGGTTGAGGGCCTAGTGGGGGCAACCCCGTGGAGGTTCAAGTCCTCTCGATCGCACCA,22,100,1,0,37,0,6,0,66,0.6666666666666666,100,0.0,0.6666666666666666
C79G,GCGGTCGTGGCGGAATGGCAGACGCGCTAGGTTGAGGGCCTAGTGGGGGCAACCCCGTGGAGGTTCAAGTCCTCTCGAGCGCACCA,22,71,1,0,13,0,2,0,38,0.42105263157894735,71,0.0,0.42105263157894735
C80A,GCGGTCGTGGCGGAATGGCAGACGCGCTAGGTTGAGGGCCTAGTGGGGGCAACCCCGTGGAGGTTCAAGTCCTCTCGACAGCACCA,31,135,6,0,41,0,6,0,84,0.6309523809523809,135,0.0,0.6309523809523809
C80T,GCGGTCGTGGCGGAATGGCAGACGCGCTAGGTTGAGGGCCTAGTGGGGGCAACCCCGTGGAGGTTCAAGTCCTCTCGACTGCACCA,25,127,2,0,28,0,7,0,62,0.5967741935483871,127,0.0,0.5967741935483871
C80G,GCGGTCGTGGCGGAATGGCAGACGCGCTAGGTTGAGGGCCTAGTGGGGGCAACCCCGTGGAGGTTCAAGTCCTCTCGACGGCACCA,19,26,5,0,12,0,1,0,37,0.4864864864864865,26,0.0,0.4864864864864865
G81A,GCGGTCGTGGCGGAATGGCAGACGCGCTAGGTTGAGGGCCTAGTGGGGGCAACCCCGTGGAGGTTCAAGTCCTCTCGACCACACCA,41,152,4,0,36,0,10,0,91,0.5494505494505495,152,0.0,0.5494505494505495
G81T,GCGGTCGTGGCGGAATGGCAGACGCGCTAGGTTGAGGGCCTAGTGGGGGCAACCCCGTGGAGGTTCAAGTCCTCTCGACCTCACCA,44,115,0,0,23,0,7,0,74,0.40540540540540543,115,0.0,0.40540540540540543
G81C,GCGGTCGTGGCGGAATGGCAGACGCGCTAGGTTGAGGGCCTAGTGGGGGCAACCCCGTGGAGGTTCAAGTCCTCTCGACCCCACCA,34,82,1,0,28,0,1,0,64,0.46875,82,0.0,0.46875
C82A,GCGGTCGTGGCGGAATGGCAGACGCGCTAGGTTGAGGGCCTAGTGGGGGCAACCCCGTGGAGGTTCAAGTCCTCTCGACCGAACCA,31,158,5,0,44,0,10,0,90,0.6555555555555556,158,0.0,0.6555555555555556
C82T,GCGGTCGTGGCGGAATGGCAGACGCGCTAGGTTGAGGGCCTAGTGGGGGCAACCCCGTGGAGGTTCAAGTCCTCTCGACCGTACCA,36,176,5,0,40,1,12,0,93,0.6129032258064516,177,0.005649717514124294,0.6072535082923274
C82G,GCGGTCGTGGCGGAATGGCAGACGCGCTAGGTTGAGGGCCTAGTGGGGGCAACCCCGTGGAGGTTCAAGTCCTCTCGACCGGACCA,36,141,2,0,32,0,3,0,73,0.5068493150684932,141,0.0,0.5068493150684932
A83T,GCGGTCGTGGCGGAATGGCAGACGCGCTAGGTTGAGGGCCTAGTGGGGGCAACCCCGTGGAGGTTCAAGTCCTCTCGACCGCTCCA,26,111,2,0,31,1,6,0,65,0.6,112,0.008928571428571428,0.5910714285714286
A83G,GCGGTCGTGGCGGAATGGCAGACGCGCTAGGTTGAGGGCCTAGTGGGGGCAACCCCGTGGAGGTTCAAGTCCTCTCGACCGCGCCA,29,99,2,0,34,0,11,0,76,0.618421052631579,99,0.0,0.618421052631579
A83C,GCGGTCGTGGCGGAATGGCAGACGCGCTAGGTTGAGGGCCTAGTGGGGGCAACCCCGTGGAGGTTCAAGTCCTCTCGACCGCCCCA,15,81,4,0,19,0,4,0,42,0.6428571428571429,81,0.0,0.6428571428571429
